"flagCode","country","GDPPerCapitaViaWB_2024","GDPPerCapitaViaWB_2023","GDPPerCapitaViaWB_2022","GDPPerCapitaViaWB_2021","GDPPerCapitaViaWB_2020","GDPPerCapitaViaWB_2019","GDPPerCapitaViaWB_2018","GDPPerCapitaViaWB_2017","GDPPerCapitaViaWB_2016","GDPPerCapitaViaWB_2015","GDPPerCapitaViaWB_2014","GDPPerCapitaViaWB_2013","GDPPerCapitaViaWB_2012","GDPPerCapitaViaWB_2011","GDPPerCapitaViaWB_2010","GDPPerCapitaViaWB_2000","GDPPerCapitaViaWB_1990","GDPPerCapitaViaWB_1980","GDPPerCapitaViaWB_1970","GDPPerCapitaPPPIntViaWB_2024","GDPPerCapitaPPPIntViaWB_2023","GDPPerCapitaPPPIntViaWB_2022","GDPPerCapitaPPPIntViaWB_2021","GDPPerCapitaPPPIntViaWB_2020","GDPPerCapitaPPPIntViaWB_2019","GDPPerCapitaPPPIntViaWB_2018","GDPPerCapitaPPPIntViaWB_2017","GDPPerCapitaPPPIntViaWB_2016","GDPPerCapitaPPPIntViaWB_2015","GDPPerCapitaPPPIntViaWB_2014","GDPPerCapitaPPPIntViaWB_2013","GDPPerCapitaPPPIntViaWB_2012","GDPPerCapitaPPPIntViaWB_2011","GDPPerCapitaPPPIntViaWB_2010","GDPPerCapitaPPPIntViaWB_2000","GDPPerCapitaPPPIntViaWB_1990"
"BM","Bermuda",138935,132604.4,121613.9,112765.1,106976.5,115798,113204.8,112339.4,108747.4,104855.4,100961.6,101704.4,100213.5,99049.02,104111.8,56542.96,27665.53,11426.6,3574.17,119718.6,114372,105142.4,92319.67,85146.4,90984.46,85978.22,85680.97,80412.18,75943.46,71988.54,71519.64,69149.05,70911.54,72188.69,54176.38,35944.54
"LU","Luxembourg",137516.6,131407.7,123719.7,134965.8,116860,112696.6,116926.8,110193.2,106899.3,105462,123678.7,120000.1,112584.7,119025.1,110886,48659.6,33465.48,16531.11,4298.03,150772.4,142424.7,143381.9,136772.4,122066.7,121371.7,116638.4,114985.8,113365.2,107888.6,105296.3,100925,96636.43,94475.03,90346.07,55124.29,29929.05
"IE","Ireland",107316.3,103887.8,105234.5,103962,86622.51,81810.19,80738.96,72198.11,64192.94,64311.82,57278.26,52619.21,49411.74,52692.78,48679.4,26334.57,14031.3,6372.44,1486.52,131175.1,124900.9,136104.4,116903.6,97799.92,92022.6,86299.34,80450.35,73012.82,71607.46,52640.78,48838.77,46726.22,45525.72,43216.98,30209.47,13733.75
"CH","Switzerland",103669.9,100631.8,94394.51,93664.77,85897.78,84121.93,85217.37,82254.38,82153.07,83806.45,88724.99,87304.33,85836.21,90476.76,76531.37,38865.02,39574.54,19393.88,4044.42,93818.71,90506,91326.13,81001.41,72997.82,73732.24,70688.82,68193.51,67350.75,65282.58,63417.04,61656.47,59440.92,57493.58,54432.33,36695.21,28442.33
"SG","Singapore",90674.07,85412.23,90299.07,80056.13,61410.08,65952.04,66881.61,61236.25,57005.59,55645.61,57564.8,56967.43,55547.56,53891.46,47236.68,23852.84,11861.76,4928.14,925.8,150689.3,143786.1,143094.9,132617.4,101518.3,105335.3,103963.4,95744.18,89901.82,87156.19,84555.24,83088.32,82107.73,80052.39,75400.56,43781.27,23815.16
"NO","Norway",86809.72,87497.33,109269.5,93072.89,68340.02,76430.59,82792.84,76131.84,70867.36,74809.97,97666.7,103553.8,102175.9,101221.8,88163.21,38178.24,28242.98,15772.24,3306.22,101031.6,100437.3,123150.2,88984.14,67110.6,70939.61,70253.85,64589.56,59280.2,60754.18,66332.46,67377.93,65774.35,62460.09,58219.61,36986.49,18448.55
"US","United States",85809.9,82304.62,77860.91,71307.4,64401.51,65227.96,62875.67,60047.72,57976.63,56849.47,55153.39,53297.39,51708.39,50024.88,48642.63,36329.97,23888.6,12574.79,5234.3,85809.9,82304.62,77860.91,71307.4,64401.51,65227.96,62875.67,60047.72,57976.63,56849.47,55153.39,53297.39,51708.39,50024.88,48642.63,36329.97,23888.6
"IS","Iceland",82703.86,79960.1,75121.02,69178.4,59023.57,68452.24,74452.19,72010.15,61987.93,52951.68,54576.74,49804.98,45995.55,47714.59,43237.07,32096.37,25384.92,14821.82,2576.35,78258.76,76666.64,73426.23,61610.21,55796.75,60523.82,57197.77,55638.49,53480.4,49214.26,45996.97,44409.67,42004.45,40936.87,39768.42,29782.87,21970.44
"QA","Qatar",76275.91,80195.87,88701.46,71751.88,51683.51,66841.3,71039.85,63279.86,61253.64,68985.29,95840.63,103697,108470.4,103261.5,77387.33,27535.18,16721.62,28375.49,2593.82,126110.1,128918.5,122920.5,116832.6,82149.36,107502.5,110032.7,99358.34,89934.69,102545.9,148389.1,169203.3,180939.4,174619.9,151646.2,88848.63,55658.84
"MO","Macau",73046.89,67476.53,36909.96,45376.31,36976.26,81967.7,83761.82,77704.92,69074.04,70070.29,88310.81,87069.77,76051.63,67041.28,52591.8,15731.99,9692.44,,,128267.6,116491.4,64373.93,74177.78,57220.82,126160.5,129726.8,120983.5,107906.8,108916.9,145113.9,149793.7,133100.4,121075.8,99831.77,34692.52,27940.87
"DK","Denmark",71851.76,68453.88,68091.32,69727.99,60985.49,59404.27,61324.77,57521.55,54500.93,53094.01,62520.45,61377.59,58443.77,61809.74,58104.54,30722.03,26885.7,13822.16,3464.46,79514.29,73737.45,77400.33,69715.18,62682.29,60594.97,57233.62,55271.6,51820.95,48910.33,47879.6,46869.19,44755.16,44443.72,43042.39,28641.7,18227.42
"NL","Netherlands",68218.73,64572.01,59123.32,60141.99,53467.93,53554.9,53955.08,49513.68,46808.53,45793.81,53457.22,52602.29,50473.94,54701.77,51305.73,26225.17,21322.19,13812.16,2931.38,84218.46,78305.29,77152.22,68573.56,62596.63,62345.25,58819.26,56037.57,53162.28,50970.35,49751.31,49622.05,47653.34,47004.14,45306.31,31887.85,19190.23
"AU","Australia",64407.48,64835.92,64997.01,60607.78,51791.54,54972.7,57196.42,53901.71,49888.04,56739.03,62544.09,68190.7,68072.87,62605.6,52144.67,21870.42,18249.3,10208.8,3304.93,71193.22,70513.47,65871.77,58182.34,53984.12,52673.06,50183.69,48371.14,47260.15,46263.73,46903.77,45930.85,42863.35,42022.74,39372.85,26541.67,17381.23
"SE","Sweden",57723.23,55567.09,55296.94,61174.97,52653.76,51773.05,54181.91,53300.86,51820.4,51197.95,59583.71,60844.28,57749.83,60379.77,52542.83,29632.77,30549.67,17073.24,4729.41,71030.46,67258.85,66375.62,62731.7,57489.27,57046.45,53122.44,51474.12,50289.77,48785.16,46841.4,46098.23,45206.99,44332.52,41956.13,29629.9,20381.81
"AT","Austria",56833.2,56033.57,52176.66,53648.72,48716.41,49885.99,51194.07,47163.74,45061.5,43915.23,51314.97,50305.35,48250.41,51116.9,46611.14,24487.3,21596.07,10826.97,2050.71,71617.9,70478.79,70734.94,62968.94,58523.03,60354.93,56636.5,53869.83,52397.86,49562.59,48355.5,47519.85,46156.48,44171.56,41740.11,29214.74,19382.97
"BE","Belgium",55954.61,54690.09,50822.25,51658.24,45906.29,46716.62,47487.21,44035.32,41854.55,40893.8,47995.78,46964.59,44874.17,47760.83,44197.39,23098.89,20600.38,12864,2765.89,72126,69059.18,68157.83,60669.21,56120.1,56712.47,52466.73,50256.06,48414.55,46084.24,45147.64,43864.12,42483.53,41244.85,39844.41,27788.09,18675.31
"DE","Germany",55800.22,53940.41,49686.12,52265.65,47379.77,47623.87,48874.86,45526.6,42961.04,41911.01,48971.08,47220.01,44735.59,47646.58,42409.94,23925.86,22385.68,12182.78,2771.28,72300.12,68692.89,67589.84,62530.77,58685.87,59270.73,56273.04,54110.25,51569.9,48558.44,47938.8,45889.02,44229.39,43398.34,39730.49,27467.78,19521.02
"CA","Canada",54282.62,54220.33,56256.8,52886.66,43537.84,46352.87,46539.18,45129.63,42314.06,43594.19,50960.84,52638.12,52670.34,52223.86,47560.67,24271,21525.86,11208.2,4135.82,65463.1,64462.92,63578.32,56995.12,48590.68,50498.97,49982.6,48317.39,46470.65,44669.45,45758.1,44301.06,42291.97,41666.84,40098.25,29362.08,20229.76
"IL","Israel",54176.68,52003.72,54949.62,52270.9,44575.57,44250.63,42362.67,41138.47,37671.54,36213.1,38343.3,37034.32,33321.43,34522.52,31439.09,21706.52,13308.31,6548.55,2490.49,55690.74,53401.18,53564.23,46162.08,40955.29,41325.18,40189.99,39470.87,38189.16,35868.97,34816.24,34827.36,32483.74,31313.93,29455.82,25783.17,15696.92
"HK","Hong Kong",54107.03,50565.46,48825.84,49770.56,46109.23,48359,48537.57,46160.43,43734.2,42432.16,40315.37,38403.78,36730.8,35142.49,32550.14,25756.77,13485.63,5700.43,960.03,75215.75,71505.85,68602.15,65884.94,58187.48,61221.42,60900.28,59260.91,56761.48,56043.04,54514.93,53517.42,52149.68,52277.47,49197.66,28224.53,18251.78
"FI","Finland",53188.62,52821.51,50440.56,53099.14,48828.68,48358.18,49654.25,46085.02,43451.26,42560.35,50073.78,49691.01,47551.67,51060.32,46506.29,24335.92,28366.2,11224.94,2465.87,64091.23,61612.94,61347.16,56790.38,53296.58,52276.11,49248.68,47234.85,44562.4,42269.22,41547.1,41325.81,40739.11,40845.96,38950.55,26777.11,18134.77
"GB","United Kingdom",52636.79,49200.81,46062.99,46926.48,40404.81,42794,43315.49,40629.23,40988.1,44983.89,47426.62,43419.04,42490.15,42109.64,39598.96,28280.93,19095.47,10032.06,2347.54,60620.38,57915.49,58544.47,51004.43,48230.05,50064.96,47212.2,46113.02,44085.2,42526.7,41266.82,39947.54,38336.6,37224.38,36487.67,26529.85,17054.44
"AE","United Arab Emirates",49377.56,49040.69,49899.07,43360.02,37173.88,44251.45,45689.86,42340.59,41326.4,43535,51381.41,52023.52,52034.48,50789.05,43696.67,29865.5,26709.99,42925.23,2394.07,77958.9,76110.38,73777.74,67401.12,65352.83,76884.95,75071.18,68043.23,67702.15,71720.31,85248.15,85514.8,87339.69,87709.04,83670.91,91317.63,86949.01
"AD","Andorra",49303.67,46812.45,42414.06,42425.7,37361.09,41257.8,42819.77,40672.99,40129.82,38654.93,44369.66,42470.32,41500.54,46657.16,42746.83,21810.25,19563.66,12474.93,3935.41,74939.47,71730.67,68470.08,59332.2,52095.84,57475.07,55244.66,53084.86,53110.14,50733.24,48505.6,45609.23,45503.04,46436.12,43853.17,33458.12,24908.87
"NZ","New Zealand",48747.01,48654.9,48760.04,49689.5,41850.92,42779.23,43257.08,42950.38,40113.72,38665.37,44618.27,43000.46,40053.7,38431.78,33761.9,13641.1,13663.02,7467.17,2311.03,55093.54,53854.2,53647.34,47996.68,45354.16,45197.53,42527.28,42243.51,39988.93,37578.03,37331.32,36262.7,33054.89,32738.99,31292.95,21500.63,14871.46
"FR","France",46150.49,44690.93,41082.81,43725.1,39169.86,40408.28,41418.18,38687.16,37024.22,36702.43,43148.05,42669.18,40863.58,43929.78,40694.82,22340.59,21586.47,12565.16,2825.13,61321.69,58317.83,56181.01,52517.34,49481.8,51130.47,46381.06,44469.15,42880.24,40916.11,40218.13,39583.35,37671.02,37510.38,35911.54,26001.88,17471.69
"MT","Malta",42347.31,40182.43,36224.28,38065.35,31833.6,32421.92,33382.27,30317.24,26459.08,25529.68,27424.58,25415.56,22878.31,23516.97,21946.61,10348.49,7192.39,3948.27,828.44,67364.48,63084.71,60489.46,56805.28,49987.89,51391.85,48177.36,45763.16,40999.08,38379.01,35205.79,33138.17,30716.19,29426.03,28912.37,18210.61,10078.77
"IT","Italy",40226.05,39065.42,35653.9,36852.54,32091.49,33812.79,34904.11,32844.12,31391.57,30639.88,36028.35,35701.67,34854.39,38432.37,35856.86,20190,20873.78,8476.41,2111.72,60846.98,57893.41,56247.42,49825.39,44435.64,46661.91,43386.7,42142.34,40482.56,37394.45,36665.69,36459.3,36281.1,36392.28,34977.99,27146.32,18667.88
"BS","Bahamas",39455.45,38231.77,34957.16,30367.86,26178.75,33640.34,32642.34,31875.49,30616.54,30719.41,29137.22,27642.74,28552.02,27090.84,27473.1,24940.08,11473.3,5742.58,2916.5,41197.92,39090.17,36791.25,31064.68,27204.63,36116,35227.76,34282.17,32285.28,32137.58,31726.17,30294.48,31035.55,30073.65,29624.95,25421.6,19817.34
"PR","Puerto Rico",39285.02,36948.4,35353.68,32619.07,31427.11,31830.53,30679.92,30328.49,29978.09,29242.04,28576.1,28212.05,27742.02,27170.08,26414.88,16192.13,8652.51,4502.84,1852.36,50155.54,47433.24,45327.51,40559.47,36858.61,36217.72,33706.59,31866.62,32245.85,32323.55,32391.07,32279.4,32077.62,31697.22,30908.8,22938.03,13409.94
"CY","Cyprus",38654.17,36551.42,33894.45,33734.04,28649.02,29703.05,29599.99,26696.99,24715.15,23487.23,27244.35,27797.46,28991.94,32485.8,31105.03,14388.35,9641.58,4232.02,,61239.94,57213.62,55945.95,48784.08,43354,45115.93,40924.62,38414.51,35877.74,31930.76,30171.03,30451.76,31923.99,33406.11,33505.88,21291.26,13339.3
"TC","Turks and Caicos Islands",37506.78,35470.22,31280.54,27329.29,20690.92,31780.52,31625.62,25614.84,26946.42,25736.1,24014.27,22412.21,22633.95,23626.73,23093.85,,,,,37954.39,35336.74,30220.82,25056.49,19530.03,31173.38,31151.47,25685.78,25578.22,24012.87,22477.74,20907.68,20614.35,22974.08,22316.44,,
"ES","Spain",35297.01,33509.01,30270.27,30799.48,27233.94,29786.52,30602.42,28381.34,26755.61,25982.44,29707.77,29228.85,28456.44,31824.62,30658.74,14743.27,13795.02,6204.14,1211.42,56926.24,53229.92,50468.1,44251.67,39327.85,44042.76,41015.16,39825.25,37612.72,35238.07,33760.96,32613.69,31869.78,32015.58,31808.22,21577.6,13666.54
"SA","Saudi Arabia",35057.23,36156.85,38510.23,31920.77,24338.83,29566.79,29360.07,23929.29,22267.72,23256.15,27805.49,27865.47,28733.44,27126.75,22028.39,11714.56,11054.75,27205.65,1509.44,71243.43,71564.8,71968.07,62690.5,47518.49,59560.25,59377.8,53120.46,49937.07,53930.83,62578.07,62202.89,65033.62,64125.22,58828.71,48643.59,46214.2
"SI","Slovenia",34089.35,32610.11,28373.84,29187.37,25392.07,25814.17,25888.05,23303.08,21447.84,20697.27,24013.07,23236.97,22442.14,24940.63,23329.84,10135.72,9925.14,,,56530.63,53952.2,51079.18,45914.06,41767.26,42373.25,38620.2,36180.04,33575.18,31344.63,30571.98,29634.07,28786.71,28715.63,27582.5,17887.78,13481.83
"BN","Brunei",33417.84,32890.55,36632.93,31006.96,26834.36,30426.57,30988.12,28024.38,26663.3,30625.13,41026.51,44003.06,46968.6,46382.83,34937.56,20130.26,23658.72,58005.34,1325.16,90007.08,85032.6,81801.75,78248.8,69787.96,69353.68,65148.83,61657.68,56679.52,62707.83,81225.55,83237.15,87256.04,82735.39,79542.68,73086.93,70200.74
"JP","Japan",32475.89,33836.18,34065.64,40094.56,40028.73,40415.96,39751.13,38834.05,39375.47,34960.64,38475.4,40898.65,49145.28,48760.08,44968.16,39169.36,25801.4,9668.75,2100.75,51685.04,49896.64,47395.84,44355.35,42425.69,42678.15,42141.94,41444.22,40596.97,40906.59,39555.41,39402.03,37605.97,36214.44,35335.37,27287.27,19912.52
"KW","Kuwait",32213.86,34075.85,39981.77,34018.63,25236.08,31707.87,32067.96,29047.65,27323.69,29882.21,44368.78,49651.04,52155.22,49169.61,39212.25,19296.35,10937.54,19031.91,3551.59,51635.96,53025.47,55043,50651.96,41461.72,50703,51370.73,46565.55,41862.17,45267.31,68336.6,76812.54,82089.73,79036.79,75184.09,58702.87,30763.07
"CZ","Czechia",31706.62,31591.06,28282.22,27696.46,23472.89,24062.72,23705.93,20913.2,18753.97,17931.6,20038.42,20260.5,20014.04,22049.11,20160.44,6062.92,3969.37,,,56805.65,53217.22,51709.84,47796.03,44839.48,45614.02,41638.18,39346.03,36445.05,34102.18,32743.49,31013.01,29465.61,29237.19,28156.99,16328.8,12806.03
"EE","Estonia",31170.09,30133.3,28451.15,27953.77,23933.99,24021.25,23618.14,20851.52,18666.37,17722.16,20581.79,19310.39,17568.21,17555.55,14663.7,4070.61,,,,49333.81,46790.27,47802.01,44251.54,40672.13,40586.38,37120.99,34506.65,31947.78,29720.59,29403.66,27831.15,26242.53,24652.36,21616.71,9422.5,7475.93
"BH","Bahrain",30048.22,29290.13,30470.52,27147.81,24342.84,27259.74,26324.41,24784.77,23800,23734.06,26451.8,26989.76,26438.67,25032.79,21819.33,14214.48,9342.54,9732.73,1741.82,67210.99,64171.09,61677.65,54954.68,53436.03,56599.52,51993.13,50184.5,47428.9,48034.25,54299.06,56310.31,56712.57,52677.45,49254.58,45687.52,26902.06
"GY","Guyana",29883.63,20473.7,17913.49,9860.87,6775.71,6405.82,6048.39,6178.67,5870.88,5640.42,5472.69,5556.91,5444.4,4947.22,4581.76,931.8,528.85,778.96,381.1,79905.74,54729.04,39710.97,22865.93,16819.42,13240.97,12442.51,12243.22,11516.38,11408.47,11145.03,11199.89,10626.83,10066.07,9336.6,5859.92,3021.61
"LT","Lithuania",29386.29,27786.01,25085.78,23870.46,20428.65,19608.79,19247.23,16800.15,14934.27,14269.8,16446.16,15636.53,14288.19,14261.84,11829.12,3300.64,,,,54413.96,50914.86,50498.38,45873.53,41262.73,40563.83,36491.94,33591.56,30772.67,28854,28005.79,26563.37,24566.9,22701.55,19827.95,8465.94,8946.89
"PT","Portugal",28844.5,27386.29,24620.52,24711.45,22299.4,23343.36,23541.14,21442.38,19980.28,19215.78,22120.69,21676.49,20593.43,23246.54,22551.94,11526.37,7884.62,3368.37,934.08,50616.59,47426.49,44557.28,38657.67,35966.71,37865.56,34896.8,32970.84,31589.27,29615.96,28764.53,27966.09,26476.22,26803.23,27295.1,18879.06,11771.92
"SK","Slovakia",26147.9,24673.55,21334.6,22132.45,19735.49,19406.06,19573.37,17645.53,16636.08,16442.08,18770.93,18312.78,17516.97,18469.44,16899.45,5421.65,2437.18,,,47180.85,43949.86,41096.02,38346.09,35327.94,33985.68,31509.82,30245.78,29867.98,30156.03,29108.07,28075.43,27022.77,26201.65,25384.49,11367.57,8632.67
"BB","Barbados",25365.79,23804.02,22164.03,18696.79,18347.11,20583.73,20055.92,19692.76,19065.81,18954.29,19277.94,19308.01,19034.07,19346,18860.38,11674.67,7781.41,4024.59,666.48,22671.95,21336.16,19786.36,15683.88,15824.49,18760.37,18551.17,17898.9,18013.67,17804.75,17752.52,18004.67,17936.99,19165.01,18977.54,15075.95,11071.65
"PL","Poland",25022.67,22145.26,18891.21,18635.51,16150.93,15874.52,15658.21,13913.34,12464.01,12637.52,14262.28,13621.9,13087.42,13867.67,12567.73,4520.64,1731.21,,,50378.06,46757.54,46077.39,41059.58,37089.3,35882.37,32345.11,30170.28,28359.69,26995.34,25459.74,24433.89,23728.15,22808.51,20993.25,10718.91,6180.99
"GR","Greece",24752.11,23400.73,20971.83,20654.7,17886.73,19335.36,19873.4,18631.99,17919.24,17980.73,21474.73,21573.34,21624.35,25504.79,26653.05,11638.2,9466.66,5811.69,1473.6,44074.3,41181.99,38969.02,33531.16,29533.09,31927.38,29792.06,28681.68,27504.55,26614.85,26450.18,25730.88,24582.97,25692.57,27841.86,18815.84,13117.56
"HR","Croatia",23931.45,21865.46,18466.1,17789.93,14808.46,15563.82,15460.42,13902.63,12821.17,12285.3,14187.97,14136.4,13508.68,14695,13731.29,4953.65,5369.11,,,48575.43,45602.82,41959.53,36932.59,31595.96,33063.71,29788.67,27889.13,25804.14,23758.95,22708.22,22432.24,21620.21,21195.76,20143.75,10672.26,9519.01
"UY","Uruguay",23906.51,23019.42,20818.61,17881.82,15757.54,18315.73,19249.94,19184.65,17009.76,17125.9,18322.43,18335.26,16259.59,15132.27,12641.06,6987.7,2995.36,3442.81,765.76,36417.87,34470.93,33000.92,29431.89,25725.26,25782.69,24386.49,23606.63,22840.55,22168.61,21867.81,20661.38,19495.42,19135.36,17872.54,10929.3,6683.06
"AG","Antigua and Barbuda",23725.79,21494.55,20105.2,17348.6,15369.61,18896.37,18273.43,16965.73,16556.86,16077.63,15532.11,15051.51,15639.81,14911.73,15217.4,12027.49,7590.75,2053.1,,33602.35,31601.75,29933.89,25745.5,22370.09,26550.59,24524.21,21422,21320.44,20985.44,21671.47,21760.52,23011.74,23804.08,24071.03,19318.9,12996.05
"LV","Latvia",23367.6,22675.58,20227.23,20261.89,17564.23,17294.98,17252.17,15132.5,13838.53,13321.98,15185.81,14484.47,13329.35,12902.57,11188.42,3278.18,,,,43866.96,41810.01,39960.84,36912.01,32741.42,32199.1,29817.8,27645.82,25802.16,24137.88,22973.69,21850.13,20494.05,18618.7,17343.47,7840.88,7447.95
"HU","Hungary",23310.75,22312.18,18483.64,19030.63,16386.93,17012.86,16605.06,14736.17,13215.86,12782.94,14352.5,13739.46,12950.16,14211.46,13189.84,4629.92,3323.54,2158.22,559.2,47635.9,45367.6,44012.27,38887.19,35583.59,35627.23,32258.26,29728.01,28178.95,26944.96,25796.21,24591.64,23205.31,22992.22,21693.4,11869.13,9163.03
"KN","Saint Kitts and Nevis",22771.42,22600.45,20985.01,18361.14,18859.02,23595.49,22901.38,22464.99,21387.54,20328.8,20219.4,18580.13,17532.06,17832.46,16622.95,9319.66,5373.45,1597.65,365.42,35544.81,34367.8,31831.05,26896.62,27326.04,32482.09,30794.9,29578.63,28214.71,26877.47,26755.6,24624.44,23457.89,24550.17,23691.45,15256.43,8983.49
"OM","Oman",20248.42,20972.48,23223.58,19403.46,16784.86,19180.19,19901.76,17820.07,17110.19,18808.31,23160.65,23458.02,24642.3,25188.01,23570.18,9753.85,7545.7,5974.3,386.79,41664.18,41851.19,42616.33,38719.46,35163.33,37250.61,37780.33,33619.5,33333.86,36058.17,44235.83,47013.47,49989.44,52393.31,55667.47,39443.26,26904
"RO","Romania",20072.41,18404.27,15557.88,14986.79,13082.3,12992.03,12502.26,10727.98,9404.54,8977.02,10031.77,9497.67,8929.95,9560.68,8399.54,1659.93,1648.49,,,48712.39,45776.84,42217.92,37732.54,34386.12,33638.16,29586.01,26943.02,23904.67,21630.31,20633.01,19678.13,19807.46,18803.92,17356.66,5848.84,5276.76
"TT","Trinidad and Tobago",19314.72,18639.26,20874.38,17679.18,15358.86,17293.47,17575.8,17578.64,17449.16,19887.23,21908.3,21304.98,20332.14,19151.09,16815.42,6178.59,4047.25,5559.05,828.92,36021.13,34620.39,32988.81,30424.66,26862.94,29453.52,28680.27,28504.59,28231.7,29825.46,32026.53,31746.21,31883.23,31077.8,30778.31,13953.14,6877.62
"PA","Panama",19102.85,18686.41,17332.44,15509.81,13290.56,16477.91,16151.33,15694.63,14832.36,14082.65,13213.2,12273.32,11064.81,9662.3,8331.46,3975.09,2620.14,2357.09,892.89,41404.76,39803.32,36245.15,30932.76,27017,33239.73,32463.54,33533.33,30276.71,27245.28,24376.08,21923.68,19473.25,17473.77,15572.58,8097.3,5136.53
"CR","Costa Rica",18587.15,16942.03,13625.9,12838.12,12394.05,12884.69,12590.25,12317.09,12091.03,11714.71,10911.5,10803.24,10127,9276.39,8265.79,3812.75,1829.67,2020.99,535.54,30062.85,28075.14,25924.74,23852.93,22099.87,23339.61,21498.04,20499.34,19201.75,17525.14,16393.81,15232.08,14463.74,13614.26,12927.56,7879.48,5020.64
"SC","Seychelles",17858.82,18262.71,16836.67,14982.91,14041.48,19141.51,18440.23,17480.37,16566.99,15333.11,15188.19,14821.29,12337.16,12110.09,10934.79,8063.66,5642.07,2478.37,343.88,33238.58,31780.78,29972.88,29979.83,31055.94,34219.06,32091.3,30674.65,28811.4,25435.23,24984.53,22487.25,22263.82,21780.71,18981.66,14637.96,8954.95
"BG","Bulgaria",17412.41,15883.86,13999.67,12972.22,10769.95,10372.8,9872.39,8696.69,7822.5,7268.65,8069.6,7795.98,7431.96,7849.58,6853.95,1621.26,2366.53,2238.8,,41086.3,37507.66,35816.49,30973.69,27376.78,26814.47,24053.25,22316.98,20745.4,18901.17,17990.83,16893.82,16327.29,15747.42,14955.92,6422.79,7545.59
"CL","Chile",16709.89,17067.04,15405.62,16206.83,13114.82,14495.72,15659.48,14879.91,13649.85,13433.92,14529.68,15683.55,15241.91,14487.39,12632.87,5052.99,2487.77,2570.84,940.65,34637.12,32801.38,30820.35,29089.85,25350.86,25611.76,25305.09,24295.22,23256.5,22457.88,22553.62,22201.07,21366.18,20121.68,17917.9,9375.59,4444.57
"TR","Turkey",15473.29,13105.66,10674.5,9743.21,8638.74,9215.44,9568.84,10695.55,10970.05,11050,12165.22,12578.19,11713.28,11300.79,10622.7,4192.44,2689.53,1515.65,487.57,43932.08,42326.16,39101.07,31338.27,28680.2,28461.18,28299.4,28193.17,26695.92,25862.68,24105.02,22373.25,20627.49,19590.95,17343.68,9308.42,8205.26
"RU","Russia",14889.02,14159.39,15619.61,12425.03,10108.33,11447.7,11211.89,10658.91,8663.16,9277.71,14055.47,15941.45,15401.85,14305.33,10674.99,1771.59,3494.06,,,47404.96,44268.73,40938.99,38638.43,31490.8,30963.85,28628.56,25777.9,24012.4,23994.01,25688.23,26019.73,24273.52,22789.54,20490.13,6825.39,8027.79
"LC","Saint Lucia",14181.63,13554.77,13103.82,10459.13,8411.08,11794.06,11642.7,11333.11,10638.13,10334.99,10044.82,9577.22,9260.3,9128.99,8673.69,5879.56,4204.57,1428.2,,27567.33,25974.51,24599.37,19101.17,14912.16,18709.91,17433.3,16130.97,15306.73,14353.22,14403.08,14009.98,13443.43,13471.27,12717.79,9313.73,6950.84
"MX","Mexico",14157.94,13826.13,11402.14,10314.05,8841.27,10369.56,10084.79,9649.28,9097.92,10021.24,11391.38,11216.8,10744.13,10664.49,9728.8,7524.03,3154.47,3054.62,699.01,25688.1,24854.58,23379.73,20782.59,19354.12,20964.28,20921.48,20488.72,20104.58,19075.34,18820.8,18170.26,18004.79,17266.81,15908.86,11704.38,8578.16
"KZ","Kazakhstan",14005.35,12879.43,11255.34,9983.6,8781.51,9457.13,9472.49,8943.08,7475.57,10196.12,12427.71,13478.46,12018.8,11287.15,8793.08,1180.04,1570.01,,,40813.04,38515.18,35895.08,32945.85,29039.82,28689.27,25096.13,23973.06,23023.09,22484.37,23958.11,23754.13,21367.22,20159.93,18641.81,7418.2,7874.19
"AR","Argentina",13858.2,14187.48,13935.68,10738.02,8535.6,9955.98,11752.8,14532.5,12699.96,13679.63,12233.14,12963.68,12949.72,12704.28,10260.13,7637.02,4315.33,2747.5,1322.72,30175.54,30082.3,29597.69,26300.27,22393.35,23516.83,24410.39,23385.07,20105.76,19899.15,19487.42,19928.99,19430.42,19104.99,17847.61,11499.98,7158.31
"RS","Serbia",13523.72,12281.51,10022.97,9680.53,8098.71,7755.63,7559.86,6548.04,5982.37,5820.32,6886.68,7040.42,6263.04,7082.29,5970.93,974.73,,,,31867.38,28748.38,26242.35,23406.34,21013.04,20586.99,18468.67,17285.22,16455.05,15550.49,15296.18,15246.99,14506.18,14298.32,13321.51,6414.34,
"NR","Nauru",13421.83,12754.19,12896.43,14989.66,10695.7,10776.83,11408.69,9613.41,8724.31,7703.43,9193.1,8974.52,9817.37,6480.91,4723.92,2648.6,5775.55,6137.68,2618.53,14326.8,13829.92,13346.98,12196.65,10941.66,10639.51,9740.43,9770.05,10371.4,10020.38,9858.2,8500.66,8260.61,6581.54,5667.94,5920.35,16442.82
"CN","China",13303.15,12951.18,12970.61,12887.44,10627.46,10342.9,10085.66,8979.68,8254.87,8175.33,7781.07,7147.04,6405.06,5703.76,4629.25,969.2,318.5,195.15,113.35,27104.87,25179.12,23032.18,20843.3,18267.48,17600.89,16298.21,15022.44,14157.25,13463.33,12941.6,12228.37,11420.25,10456.79,9411.14,2963.53,990.78
"MV","Maldives",13215.54,12530.36,11786.01,10176.14,7393.89,11740.27,11423.28,10509.63,9947.81,9644.91,8939.07,8236.08,7461.3,7424.52,7173.6,2213.81,956.76,257.61,156.86,26542.71,24735.08,22880.51,19052.62,13425.37,23077.21,21899.43,19767.89,18769.51,17875.1,16722.52,15264.09,13988.6,13726.33,12797.33,8526.29,4527.59
"ME","Montenegro",12935.45,12077.37,9990.2,9377.49,7612.63,8842.49,8790.88,7758.37,6999.14,6491.19,7364.97,7172.93,6577.74,7325.65,6688.4,1627.07,,,,33379.79,30601.43,27597.05,23843.43,20827.49,23958.28,21368.28,19568.51,18110.22,16271.99,15323.49,14837.23,13845.69,14466.24,13633.7,6002.58,
"MU","Mauritius",11871.73,11182.19,10223.79,9068.97,9011.04,11403.25,11643.46,10841.68,9965.73,9507.87,10366.36,9764.64,9291.24,9197.04,8000.38,3981.98,2539.93,1187.35,271.34,31050.93,28923.35,26556.08,22737.57,21326.22,24027.12,23068.24,22595.73,21670.46,20011.33,19066.44,18225.24,17249.89,16877.47,15913.91,9139.7,5008.07
"GD","Grenada",11871.61,11308.29,10535.46,9622.24,8968.56,10462.79,10083.02,9751.43,9221.24,8694.12,7986.33,7424.8,7092.72,6947.38,6909.6,4839.83,2782.18,1173.08,,20167.2,19010.18,17554.73,15298.12,14361.13,16446.11,15974.86,15041.45,13977.51,13214.41,12228.65,11199.4,10575.11,10591.75,10344.38,7305.73,4552.96
"MY","Malaysia",11867.26,11379.09,11748.09,10903.11,9957.53,10920.19,10901.8,9862.55,9476.53,9648.68,11013.31,10713.64,10600.57,10217.11,8899.35,4083.53,2468.69,1886.12,379.63,38728.94,36416.54,34366.23,29822.85,27474.74,28933.93,27793.57,26415.6,25285.82,24526.39,24306.52,23160.89,22638.54,21324.36,20193.41,13027.27,6886.63
"VC","Saint Vincent and the Grenadines",11501.23,10582.37,9693.56,8641.28,8351.2,8740.59,8428.13,7988.04,7656.9,7353.74,7168.83,7072.47,6713.81,6527.69,6551.97,3768.96,2149.74,790.12,192.26,,,,,,,,,,,,,,,,,
"DO","Dominican Republic",10875.66,10630.43,10104.24,8527.08,7135.22,8183.02,7882.98,7412.72,7160.44,6800.95,6496.45,6136.59,6013.82,5826.51,5478.63,2831.46,989.16,1180.18,337.67,27541.18,25839.94,24625.81,22053.46,18998.31,19766.76,17994.84,16846.21,16282.19,14804.1,13464.79,12413.91,11776.62,11694.66,11245.68,6639.01,3640.94
"DM","Dominica",10405.28,9912.96,9323.66,8376.4,7827.75,9491.15,9215.31,8224.65,8802.56,8282.6,8131.75,7822.22,7528.51,7705.41,7549.62,4867.4,2892.98,996.19,,21300.68,20285.98,18802.08,15808.97,14243.76,16020.59,15069.9,12696.2,12945,12092.73,12083.29,11286.27,10920.91,11122.9,10924.1,7111.41,4667.44
"BR","Brazil",10280.31,10377.59,9281.33,7972.54,7074.19,9029.83,9300.66,10080.51,8836.29,8936.2,12274.99,12458.89,12521.72,13396.62,11403.28,3766.55,2581.14,1958.57,443.8,22333.41,21175.62,19876.85,18075.71,16101.62,16069.84,15463.74,14559.05,14309.21,14821.44,15827.31,15722.33,15198.09,15211.79,14451.72,9091.77,6687.92
"AL","Albania",10011.63,8575.17,6846.43,6413.28,5370.78,5460.43,5365.49,4614.05,4168.38,3981.73,4602.23,4420.24,4222.35,4465.71,4149.15,1160.42,617.23,590.61,,23488.1,21263.15,19446.23,16127.7,14512.04,14792.03,13696.53,13004.78,12208.38,11747.32,11317.28,10588.16,10463.61,10273.47,9755.93,3976.93,2655.06
"MK","North Macedonia",9310.03,8624.28,7606.24,7620.8,6659.6,6718.86,6713.99,5955.3,5598.49,5262.69,5925.39,5626.26,5049.83,5416.87,4833.37,1861.9,2277.3,,,26587.15,24390.46,24067.49,22144.25,19962.17,20222.2,18460.12,17160.89,16457.19,15038.19,14485.12,13662.81,12725.93,12420.83,11993.53,6152.59,5346.51
"GE","Georgia",9193.66,8283.67,6729.85,5083.61,4300.86,4741.28,4804.06,4418.75,4143.4,4086.62,4830.34,4712,4530.7,4119.67,3281.73,749.91,1610.98,,,28417.75,25071.97,22461.33,18915.65,16791.26,16770.13,15021.91,13718.94,13065.29,12269.65,11770.7,10797.34,10059.98,8563.84,7711.81,3161.2,5835.58
"BA","Bosnia and Herzegovina",8957.37,8663.02,7655.59,7295.34,6130.31,6122.38,6047.85,5345.02,4928.57,4662.26,5206.07,5034.57,4693.79,4982.69,4506.48,1338.48,1742.88,,,21971.15,22512.43,21117.28,18286.72,16369.93,16428.39,14858.28,13626.92,12899.1,11848.63,11167.87,10808.31,10121.16,9761.52,9086.75,4147.04,1042.55
"TM","Turkmenistan",8571.61,8232.65,8156.35,7051.2,6592.6,6648.04,6125.05,5828.48,5686.98,5759.5,7164.15,6599.65,6053.88,5143.62,4058.54,633.84,848.16,,,20407.8,19828.92,18340.11,16434.14,15090.94,15477.72,14368.46,13278.4,12919.37,12714.81,12476.53,11722.81,11035.45,10282.73,8971.62,4208.67,5320.54
"AM","Armenia",8500.61,8125.27,6571.97,4685.18,4268.68,4597.23,4196.01,3869.05,3524.43,3512.39,3852.12,3680.17,3511.56,3349.55,3041.35,593.45,635.36,,,22823.18,21534.03,19161.37,15921.71,14706.32,14975.75,12877.49,12066,10570.27,9756.84,9736.24,9454.88,8942.64,7624.27,7095.21,2530.74,2760.25
"PE","Peru",8452.37,7887.54,7350.63,6826.2,6133.33,7037.01,6978.49,6736.17,6217.04,6231.71,6667.13,6746.8,6519.38,5861.36,5072.12,1945.41,1199.67,1044.69,550.48,17802.42,17011.23,16669.16,15280.55,12563.3,13563.54,13078.23,12591.86,12066.55,11600.39,11517.74,11290.55,10757.15,10462.58,9713.36,5011.95,3366.66
"BZ","Belize",8429.68,7460,7068.46,6122.61,5227.19,6190.05,6031.28,6072.58,6142.5,6154.5,6128.14,5950.2,5709.69,5582.22,5451.14,4729.67,2988.65,1774.41,441.79,15092.78,13823.44,13465.98,11677.46,9618.02,10531.32,9527.71,9121.75,9401.53,9538.19,9489.95,9514.4,9266.09,9697.85,9734.89,7555.13,4473.9
"BY","Belarus",8316.65,7896.75,7994.65,7489.72,6542.86,6837.77,6360.04,5785.55,5039.78,5967.06,8341.32,7998.08,6953.22,6527.66,6034.68,1276.28,1706.64,,,33006.42,30834.18,28429.49,27611.18,24872.31,22301.59,20025.98,18413.75,17832.48,18133.53,19037.88,19014.05,18114.75,16563.2,15339.1,5795.65,5220.48
"GA","Gabon",8218.76,8071.4,8409.21,8181.41,6605.8,7441.18,7624.28,6921.73,6677.07,7047.13,9201.36,9197.7,9296.97,10219.11,8356.75,3982.91,6050.72,5718.47,543.43,21509.52,20757.07,19992.56,18523.58,14477.13,15949.64,15432.04,14796.63,13997.74,14306.43,14853.67,14497.99,14619.72,14784.35,14014.69,13326.12,11952.02
"CO","Colombia",7913.99,7000.84,6680.45,6222.62,5339.69,6472.55,6816.97,6479.53,5959.84,6248.52,8187.21,8279.1,8108.6,7400.99,6398.3,2555.01,1474.85,1279.5,345.88,21494.6,20944.49,20695.74,17383.09,15519.21,16181.59,15239.4,14400.61,14026.84,13332.06,13355.36,12779.89,12093.08,11707.46,10841.13,6775.93,5109.42
"BW","Botswana",7695.24,7826.35,8328.71,7807.89,6323.3,7172.09,7407.96,7104.96,6749.06,6141.2,7122.36,6666.91,6595.54,7287.38,6215.73,3450.81,2903.15,1131.63,163.03,20538.13,21012.1,19976.83,17960.63,15292.26,15960.02,15785.82,15700.67,16228.12,14143.69,15003.32,13340.88,12474.51,13354.86,12490.89,9187.36,5978.03
"MD","Moldova",7617.52,6799.59,5744.3,5274.61,4375.78,4405.33,4156.45,3453.27,2847.09,2749.55,3289.96,3321.04,3044.81,2941.36,2436.8,440.54,1206.5,,,18716.51,17746.94,16452.96,15682.07,13527.44,13413.22,11868.2,11252.11,10325.84,9197.62,8643.06,8232.52,7254.66,6832.94,6323.06,3044.67,6894.51
"MH","Marshall Islands",7466.65,6678.34,6322.83,6258.61,5661.97,5292.34,4858.12,4592.84,4229.81,3764.34,3735.24,3677.91,3514.27,3319.4,3095.46,2264.79,1758.41,867.96,373.21,8198.13,7532.18,7332.3,6705.88,6136.97,6045.06,5232.21,4719.31,4366.26,4125.16,3931.34,3845,3589.67,3536.56,3473.41,2489.97,2102.35
"SR","Suriname",7430.7,5494.07,6084.44,5029.85,4755.39,6629.67,6665.74,6049.52,5644.21,8813.62,9108.19,9043.19,8851.24,7949.89,7943.61,1988.22,941.59,2117.87,724.48,22066.73,21135.55,20078.84,18458.23,16946.89,19771.55,17855.48,17567.68,14475.31,16543.57,16597.59,16172.7,15184.93,13926.22,13039.45,7535.45,6492.7
"TH","Thailand",7345.14,7195.1,6909.35,7057.21,6985.64,7605.7,7099.78,6413.09,5833.58,5688.85,5801.2,6018.08,5725.53,5373.62,4973.86,2005.98,1559.11,708.73,197.1,24708.24,23519.21,22243.07,20242.77,19163.74,19963.39,18876.22,17573.34,16671.25,15791.17,15365.32,15215.95,14616.65,13227.45,12932.26,7289.11,4450.52
"AZ","Azerbaijan",7283.84,7133.03,7770.59,5408.05,4229.91,4805.75,4739.79,4147.2,3880.69,5500.5,7890.84,7875.35,7495.87,7189.82,5843.53,655.1,1238.27,,,25088.95,23651.6,22552.09,20111.38,15163.57,16675.32,15283,14315.93,14535.8,15075.27,17563.61,17267.51,15994.15,14804.57,14930.41,3439.14,5342.57
"JM","Jamaica",7019.75,6839.73,6022.15,5165.34,4879.44,5607.24,5578.1,5259.31,5009.79,5062.9,4975.11,5124.21,5340.83,5232.64,4809.98,3453.09,1929.6,1248.75,747.91,11662.34,11466.97,10790.13,9577.16,8991.16,10083.53,10035.28,9820.21,9399.26,8985.58,8732.81,8630.24,8373.5,8353.31,8080.15,6463.53,4841.2
"EC","Ecuador",6874.71,6737.85,6515.59,6061.32,5463.65,6205.06,6303.92,6233.32,5917.64,5976.16,6405.8,6109.29,5634.08,5153.69,4520.31,1382.23,1455.01,2189.78,465.04,15840.27,15918.52,15198.07,13507.44,11526.8,12543.01,12186.88,11793.48,10881.49,10877.75,11835.61,11295.61,10244.52,9768.69,8968.94,5728.25,4631.55
"GQ","Equatorial Guinea",6745.4,6677.79,7589.3,6945.63,5764.06,6804.15,8102.47,7809.11,7453.2,9068.91,15548.66,16304.07,17308.57,17198.21,13720.17,1487.32,236.4,175.45,206.77,17566.76,17411.5,18139.99,16821.45,13677.11,16451.36,18413.13,18434.77,16649.48,19478.7,27177.27,27909.52,30011.93,27241.6,26167.83,7420.39,577.4
"MN","Mongolia",6691.48,5838.63,4993.52,4517.62,4001.25,4347.55,4107.64,3645.97,3619.9,3838.92,4126.24,4340.14,4328.89,3736.04,2625.22,476.03,1220.17,1235.14,,19097.73,18004.85,16401.99,14792.25,13693.18,13604.98,12317.48,11096.04,10511.38,10458.3,10900.23,10442.39,10151.72,8861.82,7531.63,3739.7,3479.29
"PY","Paraguay",6416.1,6299.99,6205.63,5976.93,5365.47,5821.18,6258.45,6152.27,5775.16,5879.34,6652.26,6435.68,5642.17,5805.4,4750.96,1736.12,1440.16,1456.84,249,18523.68,17564.49,16347.04,15406.17,14308.88,14149.6,14139.09,13977.34,13329.14,12679.06,12607.07,12137.01,10954.33,11441.76,10893.31,6937.18,5636.79
"LY","Libya",6318.4,6172.81,5986.64,4935.83,6650.34,9963.2,11196.59,9965.83,7525.8,7458.49,8926.42,11951.71,14975.89,7593.84,11600.91,7214.1,6502.28,11959.52,2209.58,13953.8,13848.8,12272.84,12641.51,10954.8,16194.11,18879.32,18026.02,16961.02,17903.26,17509.53,21151.01,26826.07,15698.05,30234.09,20616.98,17172.6
"FJ","Fiji",6288.4,5888.74,5405.03,4696.17,4844.42,5950.83,6085.42,5826.85,5363.79,5097.53,5293.36,4572.44,4341.4,4139.6,3449.15,1995.72,1728.94,1873.31,413.94,16032.26,15152.14,13672.24,10685.2,11235.28,13219.7,13225.92,12819.56,11984.56,11733.74,10712.03,9006.76,8357.2,7814.7,7476.11,5623.48,3953.82
"ZA","South Africa",6253.37,6022.54,6523.41,6843.4,5580.6,6533.71,6914.18,6618.34,5651.21,6112.27,6856.73,7331.66,8076.98,8646.06,7973.47,3217.85,3093.49,3028.97,952.35,15457.49,15194.2,14759.44,13711.29,12671.09,13361.49,13347.36,13738.44,13519.32,13397.52,13358.94,13369.44,12986.8,13143.19,12637.29,8095.29,6381.67
"GT","Guatemala",6150.03,5758.31,5358.7,4912.62,4477.62,4512,4352.95,4325,4060.14,3893.51,3689.15,3444.16,3286.62,3168.98,2805.26,1648.97,847.69,1141.81,352.79,14368.66,13745.36,13014.01,11825.14,10947.37,10755.88,9946.8,9560.17,9201.43,8934,8236.66,7699.95,7258.32,6784.45,6510.1,4714.97,3329.6
"IQ","Iraq",6073.61,5965.32,6520.73,4868.49,4295.19,5671.86,5646.69,4759.29,4334.42,4440.14,6249.39,6650.35,6477.6,5775.54,4461.75,1980.19,10261.42,3867.65,337.04,14464.32,14652.52,14391.13,12731.75,10573.93,12248.59,12034.4,10191.66,9079.14,9334.47,13168.25,14668.54,14402.03,12912.03,12186.19,10627.94,
"DZ","Algeria",5631.18,5364.03,4961.55,4160.56,3743.54,4468.45,4577.21,4554.67,4424.99,4685.06,6094.69,5979.6,6033.65,5916.31,4912.79,1772.93,2445.18,2275.78,352.85,17552.77,16824.49,15836.09,14496.87,12676.51,13892.53,13727.13,13493.56,13437.85,13807.35,14694.14,14370.82,14441.33,14639.88,14201.37,9186.82,7602.19
"SV","El Salvador",5579.66,5365.45,5074.6,4642.61,3997.19,4320.12,4183.55,4020.13,3901.34,3790.34,3666.01,3582.27,3497.91,3330.6,3040.07,1982.87,892.18,787.15,308.8,13264.03,12679.58,11875.96,10809.71,9392.69,9756.75,9203.76,8965.22,8455.62,7933.74,7503.71,7092.59,6708.39,6593.68,6247.92,4422.45,2856.34
"UA","Ukraine",5389.47,5139.6,4199.67,4775.95,3709.77,3619.86,3059.05,2604.29,2158.46,2094.47,3054.91,4129.9,3951.34,3656.7,3039.63,653.29,1563.63,,,18550.46,17665.34,14770.07,17846.41,15541.03,14217.49,12554.85,11536.08,10864.66,9921.83,10493.75,10903.83,9552.31,9126.61,8453.3,4228.12,7590.55
"ID","Indonesia",4925.43,4876.31,4730.84,4287.17,3853.7,4106.95,3860.95,3798.88,3521.47,3288.22,3441.07,3566.6,3632.27,3579.46,3065.68,763.71,578.42,486.62,79.12,16448.28,15415.71,14284.93,12757.07,11729.37,11986.47,11372.1,10687.64,10262.6,10027.54,10064.68,9866.02,9530.29,8936.99,8353.46,4639.04,3043.94
"WS","Samoa",4898.77,4330.18,3869.47,3947.65,4099.66,4351.94,4231.81,4307.59,4147.07,4084.36,3982.68,4023.53,3934.6,3821.51,3524.25,1424.75,743.99,765.25,322,7837.29,7037.09,6260.4,6214.02,6450.77,6638.19,6318.27,6280.22,6141.45,5681.78,5468.1,5386.9,5338.74,5494.24,5229.04,3061.85,2148.28
"IR","Iran",4771.4,4465.64,4405.09,4334.79,2988.78,3831.28,4631.79,5753.12,5477.04,4952.73,5672.06,6222.74,8114.08,8025.69,6291.19,1650.01,2137.94,2368.39,376.61,18441.56,17659.87,16424.38,14951.89,14110.32,13348.41,14839.57,15070.26,14573.32,13689.76,15408.1,15552.01,16325.2,18487.08,17865.94,10729.36,7256.41
"VN","Vietnam",4717.29,4323.35,4147.7,3704.19,3534.04,3440.9,3222.31,2956.11,2735.06,2577.57,2546.39,2359.52,2185.12,1950.93,1683.16,404.03,98.8,,,16385.51,15033.88,13905.15,12048.9,11609.32,11029.27,10009.97,9169.73,8374.51,7671.58,7296.88,6758.4,6376.8,5786.12,5389.22,2614.12,1209.69
"JO","Jordan",4618.1,4466.08,4332.25,4183.5,4022.04,4170.11,4145.44,4065.62,3986.72,4042.76,4191.18,4311.22,4169.51,3946.86,3718.47,1570.61,1148.59,1750.1,408.6,10821.49,10411.84,9927.23,9182.5,9579.2,9429.07,9042.4,9265.52,8747.88,8967.08,9144.68,9816.6,9738.54,9631.93,9416.64,5640.66,4317.16
"LK","Sri Lanka",4515.57,3798.89,3342.64,3996.96,3847.6,4081.95,4358.56,4398.89,4149.19,4057.72,3971.92,3740.62,3327.78,3224.96,2808.37,846.46,491.21,271.06,186.9,15632.59,14455.65,14193.65,14316.14,12940.9,14112.95,14178.02,13610.47,13078.56,12227.17,11720.6,11252.63,10249.17,9075.55,8233.63,4367.8,2527.44
"NA","Namibia",4413.13,4187.61,4349.8,4412.84,3878.59,4731.92,5308.61,5143.96,4395.69,4774.11,5378.32,5346.62,5942.65,5834.79,5418.22,2156.68,2037.48,2467.81,,11686.6,11251.24,10662.7,9709.1,9354.13,9609.49,9853.74,9887.94,10200.14,10465.89,10365.31,9699.21,9363.77,9002.23,8538.2,5128.61,3875.47
"TN","Tunisia",4350.37,3950.38,3708.85,3906.94,3548.65,3528.87,3628.1,3619.03,3847.8,4014.95,4458.98,4369.79,4297.27,4420.65,4291.86,2199.05,1476.43,1323.63,280.48,14451.25,14009.52,13608.07,12444.33,11918.07,12494.79,11841.41,11288.78,10993.66,10782.54,10946.89,10671.57,10614.53,10436,10555.09,6278.99,3779.69
"FM","Micronesia",4166.01,3941.37,3710.12,3508.22,3362.03,3572.66,3566.59,3279.11,2979.6,2911.16,2945.42,2933.88,3033.17,2890.51,2761.24,2081.97,1459.04,829.21,337.5,4346.22,4233.13,4085.21,3944.71,3682.39,3717.18,3525.35,3459.87,3383.8,3346.81,3178.9,3206.36,3280.16,3287.3,3125.91,2383.85,1688.6
"BO","Bolivia",4001.21,3686.28,3643.93,3384.85,3099.94,3503.9,3500.73,3306.3,3035.87,2996.01,3041.44,2870.02,2575.6,2315.52,1929.78,975.78,682.68,772.78,219.35,11189.81,10925.27,10371.96,9454.2,8293.99,9174.45,8952.59,8510.27,7547.9,7152.05,7047.2,6589.67,5866.98,5388.51,5100.53,3359.1,2284.01
"MA","Morocco",3993.39,3771.45,3455.4,3785.94,3268.03,3508.1,3501.7,3296.53,3140.86,3146.25,3435.41,3379.74,3164.18,3301.99,3067.99,1499.11,1229.07,1109.88,260.27,10305.05,9842.89,9283.93,8623.27,7704.85,8046.23,7801.1,8115.12,7853.18,7799.09,7237.28,7542.1,7307.61,7274.15,6848.67,3930.22,2776.82
"PH","Philippines",3984.83,3804.08,3548.07,3484.39,3227.58,3400.79,3168.51,3038.12,2985.2,2909.86,2866.84,2781.28,2614.62,2383.92,2162.91,1050.79,803.57,766.97,200.92,11794.14,10985.83,10131.35,8857.79,8238.37,8924.1,8357.74,7773.8,7382.67,6894.27,6688.74,6372.83,6094.27,5705.44,5489.24,3365.56,2607.97
"SZ","Eswatini",3936.11,3741.69,3889.65,3966.3,3454.78,3913.13,3973.46,3853.99,3239.81,3420.75,3771.91,3951.12,4348,4312.34,3992.95,1668.98,1277.69,908.38,254.16,11784.28,11322.23,10665.5,9946.04,9297.59,9248.28,8536.99,8586.3,8488.39,8393.35,8367.6,8233.6,7756.34,7504.15,7230.86,4422.63,3217.77
"VU","Vanuatu",3542.81,3515.24,3292.34,3211.72,3042.99,3207.45,3206.66,3159.86,2956.13,2854.89,2973.09,2979.8,3004.78,3163.19,2815.19,1460.24,1140.59,1047.77,,3602.41,3460.93,3452.61,3135.84,3117.64,3314.67,3232.95,3145.93,3029.81,2965.84,2890.13,2832.01,2834.13,2815.69,2733.46,2206.1,1669.61
"DJ","Djibouti",3496.47,3397.52,3133.26,3025.91,2844.89,2837.17,2718.08,2618.96,2510.43,2376.13,2214.62,2075.95,1400.19,1306.35,1213.23,737.61,780.5,,,7776.23,7264.05,6621.33,5960.11,5527,5398,5083.11,4676.71,4431.57,4263.96,3978.35,3762.28,,,,,
"HN","Honduras",3426.44,3227.46,3003.29,2735.15,2307.62,2502.33,2464.64,2413.01,2307.35,2271.2,2179.88,2081.13,2126.04,2073.66,1893.33,1092.56,988.46,1064.66,262.84,7486.02,7178.34,6805.49,6202.98,5384.7,5784.93,5633.38,5620.66,5186.16,4845.6,4460.06,4137.33,4016.35,3900.71,3757.55,2587.42,2039.7
"EG","Egypt",3338.47,3456.79,4233.31,3827.35,3511.11,2962.99,2484.7,2395.1,3270.63,3306.98,3133.39,3025.53,2996.07,2590.64,2455.08,1366.09,735.98,493.05,232.27,19094.14,18524.84,17526.8,15579.02,15231.87,13363.73,12329.24,11124.74,10665.67,10903.34,10256.44,10511.39,10342.43,8988.11,8837.77,5451.52,3566.04
"ST","Sao Tome and Principe",3244.83,2940.93,2389.74,2362.59,2167.22,1935.29,1825.6,1555.8,1434.87,1298.11,1489.68,1382.58,1210.79,1219.8,1045.21,529.09,970.06,828.69,479.37,6229.51,6149.98,6033.68,5732.7,5144.54,4655.49,3941.03,3436.31,3319.54,3171.51,3233.36,2945.74,2694.66,2914.21,2858.57,1830.37,1504.4
"UZ","Uzbekistan",3161.7,2878.97,2578.67,2258.52,1978.28,2041.39,1813.09,2190.6,2753.38,2803.19,2674.96,2461.98,2307.35,2087.86,1753.21,555.15,652.94,,,11878.55,11106.97,10292.53,9247.64,8451.73,8544.08,8128.76,7818.01,6919.3,6799.57,6609.77,6412.72,6168.14,5949.48,5504.86,2644.26,2664.67
"PG","Papua New Guinea",3076.49,2966.07,3102.29,2607.58,2429.61,2575.77,2566.37,2477.77,2316.4,2484.6,2723.18,2560.78,2635.09,2288.38,1866.87,635.96,826.32,812.96,257.65,4888.56,4667.84,4419.62,3976.9,3899.58,4059.83,3909.92,3923.17,3812.71,3669.74,3499.55,3109.9,3025.86,2918.54,2911.89,2195.96,1703.24
"NI","Nicaragua",2847.54,2609.45,2322.89,2138.39,1938.45,1958.62,2035.17,2182.61,2131.69,2074.46,1958.37,1835.44,1784.7,1679.71,1526.57,1017.31,242.51,659.3,321.32,8708.8,8319.98,7796.69,7119.17,6274.1,5981.11,5935.17,6225.35,5882.37,5448.89,5067.75,4710.57,4507.94,4324.71,4042.22,2806.26,1978.57
"CI","Ivory Coast",2709.9,2554.67,2333.37,2455.98,2179.73,2141.77,2130.87,1964.3,1862.6,1814.72,1991.37,1786.16,1546.95,1596.63,1553.55,936.64,885.65,1237.8,268.96,7653.45,7227.03,6719.44,6045.21,5543.85,5516.39,4945.63,4690.18,4530.65,4403.64,4074.21,3619.02,3290.72,3175.92,3360.54,3040.58,2693.36
"IN","India",2696.66,2530.12,2347.45,2239.61,1907.04,2041.43,1966.26,1950.11,1707.51,1584,1553.88,1432.84,1429.32,1445.46,1347.52,442.75,371.09,271.08,114.36,11158.88,10323.5,9207.13,8050.02,6966.28,7150.92,6714.97,6144.72,5800.48,5425.04,5191.59,5014.35,4819.64,4454.7,4206.46,2090.86,1211.98
"ZW","Zimbabwe",2656.41,2156.03,2040.55,1724.39,1730.45,1683.91,2271.85,3448.09,1407.42,1386.42,1372.22,1362.3,1238.6,1037.25,901.55,562.56,866.49,948.53,361.24,3921.7,3820.36,3560.04,3184.79,3510.68,3211.25,2614.41,7045.37,2796.81,2646.65,2553.45,2475.29,2271.55,1993.42,1740.95,2243.18,1803.36
"KH","Cambodia",2627.88,2429.75,2325.03,2167.4,2081.74,2225.88,2036.67,1826.35,1675.2,1547.32,1431.56,1305.66,1192.8,1088.98,952.27,296.43,190.18,143.15,,7969.93,7430.73,6918.82,6225.53,5942.45,6153.99,5616.98,5050.06,4748.12,4433.64,4117.79,3890.95,3583.48,3223.1,2988.5,1255.64,1409.71
"BD","Bangladesh",2593.42,2551.02,2716.49,2482.85,2248.85,2129.8,1965.24,1811.08,1649.28,1224.39,1094.46,958.26,859.68,837.34,757.39,396.67,283.05,206.08,130.22,9646.77,9147.78,8450.55,7441.07,6640.58,6047.12,5490.16,4882.61,4579.13,4212.24,3972.51,3691.1,3434.28,3051.27,2833.7,1511.91,940.65
"CG","Republic of the Congo",2482.25,2477.98,2620.84,2516.16,1993.59,2488.43,2694.43,2211.63,2093.11,2439.35,3601.24,3697.42,3732.33,3396.17,2946.56,1024.3,1175.67,932.65,196.73,,,,,,,,,,,,,,,,,
"KG","Kyrgyzstan",2419.27,2138.22,1739.72,1350,1229.52,1422,1283.52,1221.39,1103.28,1105.65,1264.53,1269.66,1168.62,1117.4,876.95,279.62,605.8,,,8009.41,7298.09,6577.51,5736.48,5178.56,5304.23,4777.94,4953.72,4603.76,4153.38,4228.2,4000.96,3588.68,3278.35,3075.62,1861.87,2543.74
"GH","Ghana",2405.8,2383.9,2229.89,2445.19,2195.46,2186.66,2195.32,2012.29,1912.48,1722.77,1949.91,2294.8,1543.78,1507.44,1263.89,253.75,382.54,372.25,248.16,8027.17,7556.42,7208.16,6607.5,6047.3,6002.55,5536.5,5170.96,5011.08,5191.37,5517.13,5214.57,4933.65,4381.13,3855.47,2315.18,1580.65
"KI","Kiribati",2288.64,2177.7,2069.77,2222.05,1751.78,1751,1912.74,1853.05,1742.67,1639.85,1736.71,1772.09,1843.55,1771.13,1522.1,845.37,488.07,542.25,201.02,3702.33,3485.56,3329.34,3020.49,2710.91,2762.94,2671.76,2562.07,2462.83,2310.6,2084.13,2049.33,1896.33,1785.57,1724.47,1637.94,1191.53
"KE","Kenya",2206.14,1952.31,2109.56,2061.36,1927.67,1960.41,1836.45,1667.48,1554.13,1489.12,1482.82,1370.88,1285.01,1096.15,1091.52,414.63,374.46,453.56,141.04,6619.36,6307.23,5883.22,5338.85,4792.57,4687.38,4411.56,4177.25,3916.65,3678.33,3359.49,3106.39,2847.27,2750.29,2634.89,1906.9,1729.27
"SB","Solomon Islands",2149.38,2076.11,2005.41,1996.87,2063.33,2223.67,2278.21,2143.58,2082.63,2045.48,2164.94,2161.4,2066.25,1924.05,1685.16,953.17,648.33,767.85,,2872.48,2800.82,2697.44,2518.42,2405.3,2512,2493.98,2454.04,2421.19,2353.79,2377.38,2394.47,2320.45,2306.28,2182.22,1502.9,1266.29
"HT","Haiti",2142.62,1705.76,1760.63,1835.44,1290.33,1352.17,1496.38,1395.24,1318.4,1411.13,1460.19,1457.83,1361.39,1312.04,1209.73,820.6,451.72,246.47,71.45,3183.46,3281.21,3264.93,3134.95,3103.18,3236.98,3196.97,3339.39,3253.47,3025.84,3075.74,3042.5,2830.19,2858.2,2694.91,2228.5,2202.23
"LA","Laos",2123.98,2066.95,2046.4,2526.05,2583.78,2589.32,2545.11,2432.43,2303.22,2121.01,1981.04,1812.52,1563.57,1361.55,1125.92,318.75,200.73,,,9787.85,9291.79,8766.44,8080.44,7913.39,7743.22,7486.87,7141.91,6743.01,6086.07,5798.5,5221.6,4780.95,4099.79,3772.27,1793.89,1012.02
"AO","Angola",2122.08,2309.53,2929.69,1925.88,1449.92,2189.86,2538.59,2437.26,1807.95,3213.9,5006,5057.75,5086.03,4615.91,3597.34,563.73,965.87,729.11,,8347.95,8046.82,7924.89,7408.13,6450.75,7528.38,7347.8,6992.73,6843.74,7119.73,7990.27,7561.04,7354.94,6711.39,6607.02,3326.78,3340.6
"MR","Mauritania",2082.78,2120.82,1960.35,1947.79,1795.77,1767.07,1722.94,1615,1565.77,1554.95,1713.01,1934.24,1859.12,1931.2,1659.96,680.91,772.03,710.92,281.33,7271.34,6946.19,6484.83,5836.57,5740.74,5610.13,5429.23,5353.07,4682.7,3977.61,3865.14,3831.05,3464.98,3270.86,3177.84,2303.67,2070.29
"KM","Comoros",1784.12,1682.2,1533.88,1587.73,1527.17,1519.26,1540.71,1423.93,1365.48,1329.37,1615.72,1603.33,1490.31,1531.44,1386.58,655.01,966.32,628.38,,4055.13,3902.75,3726.15,3449.04,3261.6,3312.75,3304.55,3347.46,3139.05,2949.47,2937.61,2832.53,2678.7,2471.79,2333.33,1719.02,1385.88
"CM","Cameroon",1762.37,1736.86,1604.88,1672.33,1555.6,1555.23,1610.7,1496.09,1441.72,1415,1649.44,1575.93,1449.1,1513.96,1398.59,708.57,1086.72,784.12,178.49,5591.5,5405.58,5188.98,4793.56,4365.45,4241.11,4010.76,3767.43,3627,3497.66,3422.26,3238.87,3059.64,2988.82,2913.94,2108.5,2031.91
"SN","Senegal",1743.99,1698.03,1574.03,1598.11,1461.09,1431.18,1452.56,1356.81,1266.44,1218.01,1398.89,1379.83,1326.84,1374.68,1275.88,603.23,957.31,771.53,290.49,5110.4,4777.62,4530.22,4173.68,3752.92,3647.95,3380.22,3234.36,3101.12,2994.28,2853.81,2768.77,2764.26,2684.95,2662.51,1963.28,1513.08
"GN","Guinea",1717.02,1555.49,1416.6,1244.97,1053.66,1031.34,933.27,833.6,712,747.36,765.15,748.46,699.35,636.7,659.24,518.16,604.3,1930.99,752.82,4579.1,4333.75,4062.36,3738.81,3331.86,3105.83,2844.46,2687.1,2255.33,1929.68,1873.21,1842,1789.98,1705.27,1621.69,1195.81,870.74
"BJ","Benin",1485.38,1394.18,1266.43,1318.65,1200.19,1130.82,1151.74,1054.97,1010.53,1002.42,1204.4,1168.93,1071.53,1059.41,973.24,487.42,371.1,358,108.85,4434.56,4129.97,3844.15,3464.29,3244.59,3148.98,2965.31,2885.89,2842.03,2725.34,2670.42,2511.65,2346.08,2264.84,2220.33,1671.36,1186.12
"PK","Pakistan",1484.75,1365.17,1538.32,1455.32,1278.4,1390.42,1569.34,1519.24,1424.69,1380.47,1266.61,1225.43,1204.37,1131.74,987.3,642.34,344.46,287.45,166.66,6286.98,6036.64,5920.27,5367.27,5048.02,5037.53,4979.37,4789.54,4630.73,4480.26,4312.99,4173.94,4046.6,3879.6,3785.7,2565.2,1895.26
"NP","Nepal",1447.31,1382.33,1385.91,1252.75,1154.22,1203.14,1179.2,1034.28,877.26,875.54,821.46,803.27,788.2,785.52,585.28,223.83,185.79,125.11,69.63,5736.62,5395.21,5102.99,4546.23,4235.58,4260.67,3956.13,3604.71,2976.13,2957.31,2901.2,2658.02,2465.84,2248,2139.23,1316.83,829.55
"MM","Myanmar",1359.26,1233.2,1158.05,1242.72,1490.22,1425.99,1298.21,1272.82,1229.2,1166.73,1293,1199.1,1202.67,1213.63,1010.53,196.62,53.12,31.25,20.72,5997.47,5953.36,5731.94,5178.45,5740.99,6101.37,5581.28,4706.43,4459.54,4458.69,4376.39,4143.63,3845.15,3579.41,3348.13,948.75,441.1
"TL","Timor-Leste",1343.15,1502.52,2343.25,2684.83,1630.87,1562.37,1219.47,1266.18,1335.54,1319.59,1224.75,1204.57,1022.62,939.05,813.06,492.46,168.62,,,4758.39,4806.14,5728.22,6824.79,6132.08,4556.61,3561.29,3463.12,3390.76,3107.57,2859.86,2566.03,2386.14,2065.96,1955.33,1483.17,685.28
"TJ","Tajikistan",1341.2,1178.48,1052.18,896.75,834.31,871.02,834.29,829.46,788.71,956.92,1081.54,1028.2,952.45,833.6,737.34,136.93,487.04,,,5405.98,4963.58,4514.18,3985.91,3653.96,3459.97,3069.1,3017,2913.86,2975.47,3151.73,2918.56,2679.07,2455.97,2291.08,1036.13,2582.74
"ZM","Zambia",1235.09,1330.73,1447.12,1127.16,951.64,1258.99,1463.9,1483.47,1239.09,1295.88,1707.49,1820.72,1710.05,1624.87,1451.11,359.43,422.34,669.42,413.9,4223.95,4077,3840.73,3503.04,3157.3,3361.4,3442.27,3391.63,3313.35,3337.47,3441.32,3477.28,3323.63,3228.49,3097.66,1708.52,1521.62
"TZ","Tanzania",1185.75,1224.49,1207.85,1159.86,1117.42,1063.32,1023.11,986.67,953.01,939.13,1022.75,963.06,861.97,775.39,736.53,401.7,243.61,611.21,217.24,4220.8,4018.52,3799.86,3493.08,3290.61,2981.88,2727.88,2472.49,2434.7,2317.28,2221.18,2176.22,2083.49,2211.47,2069.4,1163.64,925.36
"ML","Mali",1086.18,1035.86,969.72,1027.27,953.24,971.95,996.38,924.06,872.47,838.12,940.24,903.19,878.22,941.57,827.62,256.2,292.18,233.67,57.32,3308.67,3168.41,3008.76,2796.23,2723.7,2819.87,2684.41,2606.7,2531.81,2330.24,2167.19,2062.18,2003.18,2053.38,1997.68,1194.68,823.25
"UG","Uganda",1072.71,1002.31,963.07,882.79,845.77,822.17,792.17,765.22,752.7,862.93,896.05,818.29,795.22,835.62,823.49,258.05,244.99,93.75,122.03,3275.76,3097.64,2919.18,2684.92,2532.22,2441.37,2312.06,2157.96,2165.3,2189.97,2134.01,2044.88,2031.95,2267.72,2091.56,1124.21,665.88
"TG","Togo",1043.14,985.7,898.76,939.61,853.58,826.26,851.13,792.77,772.58,751.05,855.59,826.54,762.39,783.99,704.99,409.89,575.09,549.43,159.78,3239.09,3071.51,2852.06,2577.2,2356.76,2214.71,2067.09,1985.53,1932.93,1879.67,1803.15,1715.36,1645.31,1615.98,1537.06,1314.74,1110.17
"TD","Chad",1016.09,989.06,966.04,946.36,866.95,893.34,948.66,854.46,861.83,993.99,1278.79,1304.89,1354.34,1308.14,1141.8,163.12,290.6,228.77,125.88,2961.93,2931.58,2845.05,2435.07,2185.99,2351.65,2227.81,2097.14,2120.09,2377.51,2133.18,2110.25,2435.12,2388.17,2318.4,1039.07,962.45
"RW","Rwanda",999.65,1027.03,975.47,829.54,778.7,810.05,771.77,758.3,729.52,734,724.96,704.92,706.82,651.13,593.62,251.87,345.77,234.39,55.24,3710.86,3399.45,3098.68,2733.44,2284.9,2336.04,2125.5,1967.94,1866.39,1780.74,1677.57,1512.24,1454.53,1412.91,1314.14,609.27,548.82
"SD","Sudan",989.31,797.28,1046.24,712.12,577.8,709.98,731.03,966.51,1033.22,1292.38,1275.44,1138.63,1019.22,1332.66,1305.64,362.12,1257.19,418.35,139.04,2127.4,2420.66,3355.38,3248.98,3348.58,3914.23,4199.25,4252.42,4470.36,4217.01,4260.57,3724.96,3710.38,4112.22,3805.63,2616.47,1467.99
"BF","Burkina Faso",987.32,882.69,836.12,895.54,825.24,764.85,777.47,709.09,663.74,630.12,764.86,759.76,731.47,725.02,624.96,248.91,338.59,277.6,81.71,2896.19,2754.71,2641.87,2486.43,2380.72,2232.16,2073.32,2042.4,1881.76,1691.58,1661.32,1642.89,1571.84,1531.34,1449.42,896.48,566.94
"LS","Lesotho",971.81,916.28,1030.13,1066.59,918.58,1082.06,1170.66,1069.37,992.49,1121.2,1173.54,1151.04,1217.93,1280.73,1119.48,442.78,329.56,306.82,67.44,2998.47,2880.97,2761.31,2544.78,2559.1,2568.34,2632.29,2618.82,2942.18,3034.65,2771.25,2538.26,2291.5,2278.5,2152.92,1272.92,764.06
"GW","Guinea-Bissau",962.98,964.93,873.44,912.48,836.27,807.43,808.53,783.12,679.67,645.07,652.02,654.3,635.46,719.54,600.19,316.95,651.34,346.86,350.22,3052.69,2907.14,2747.25,2483.85,2310.37,2236.81,2057.97,2081.81,1824.37,1729.94,1455.91,1415.83,1401.85,1471.76,1369.69,1013.97,824.1
"GM","Gambia",908.53,888.16,836.24,781.89,720.34,738.19,696.22,642.52,650.06,619.54,568,653.86,692.58,710.61,801.03,538.05,300.64,337.69,99.78,3445.25,3254.38,3067.31,2777.8,2530.8,2421.72,2277.44,2038.95,2012.68,1990.32,1933.7,2006.74,2064.81,2064.25,2266.83,1731.34,1409.33
"SL","Sierra Leone",873.39,757.85,860.77,886.19,845.98,844.05,845.91,779.19,844.42,964.58,1117.76,1117.47,937.5,761.15,685.04,143.74,154.79,336.32,160.23,3515.56,3371.35,3146.79,2851.95,2721.34,2705.14,2640.48,2501.45,2634.93,2560.05,2762.05,2700.74,2317.19,2042.7,1900.39,1242.07,1382.02
"LR","Liberia",846.28,799.19,744.62,667.97,616.79,658.16,692.2,699.27,714.61,692.59,706.71,710.74,638.37,568.09,492.25,298.49,172.87,443.03,220.29,1884.91,1794.53,1691.57,1539.21,1659.52,1899.52,1799.73,1664.95,1490.34,1340.43,1418.77,1360.13,1156.95,1040.76,980.12,965.4,786.53
"NG","Nigeria",806.95,1596.64,2139.38,2017.28,2019.66,2265.16,2057.88,1876.34,2070.41,2585.73,3088.72,2872.79,2633.2,2418.41,2202.26,547.32,556.38,870.36,224.46,6439.81,6207.42,5948.73,5491.7,5353.71,5362.41,5083.17,4996.9,5022.33,5189.45,5252.15,4973.79,4737.11,4676.41,4474.61,2229.07,2016.63
"NE","Niger",722.75,638.34,609.75,608.72,579.51,561.69,578.57,521.8,502.71,485.66,565.31,552.1,528.51,510.76,474.43,194.77,423.89,408.82,139.76,2015.02,1875.15,1839.97,1585.6,1496.83,1419.17,1276,1208.15,1188.56,1172.19,1161.33,1137.77,1161.79,1064.42,1057.51,764.28,739.11
"CD","DR Congo",647.44,633.4,642.61,558.03,507.52,557.04,528.26,436.58,442.31,467.91,458,431.19,400.06,364.71,314.54,377.93,254.87,538.91,242.22,1709.73,1616.47,1484.24,1313.62,1136.01,1167.32,1069.28,1003.26,913.96,859.14,804.6,712.44,632.2,630.28,597.09,416.55,832.07
"MZ","Mozambique",647.29,622.99,578.25,509.91,462.43,519.09,517.51,470.94,441.49,610.56,697.14,686.51,685.69,618.18,496.19,327.13,,,,1699.71,1677.68,1581.94,1457.24,1411.62,1388.8,1325.59,1282.75,1379.11,1317.89,1165.83,1113.75,1075.88,1063.66,1000.24,471.97,296.04
"SO","Somalia",636.98,597.46,573.13,549.11,518.18,539.89,509.53,510.94,460.93,445.58,429.43,393.4,350.26,235.33,219.2,386.12,145.6,101.5,93.08,1600.76,1556.52,1486.76,1392.46,1454.33,1548.1,1551.62,1596.81,1468.5,1341.39,1127.72,944.4,1002.93,881.38,815.13,467.06,
"MG","Madagascar",545,508.72,503.51,483.47,450.77,499.82,500.46,491.87,453.97,445.32,505.68,515.3,493.51,506.16,450.01,280.28,326.1,577.59,166.65,1883.54,1808.45,1716.98,1577.43,1490.32,1612.3,1546.6,1546.88,1561.52,1496.61,1498.84,1473.4,1463.62,1475.17,1463.88,1235.79,1165.82
"CF","Central African Republic",516.17,495.98,467.36,492.26,462.88,449.23,455.24,432.32,387.18,366.32,409.85,364.37,544.4,534.06,476.87,239.15,501.66,325.25,90.16,1263.6,1257.09,1217.85,1128.55,1066.29,984.84,905.82,883.81,826.01,768.87,698.96,709.85,1062.07,980.19,936.49,639.84,620.39
"MW","Malawi",508.37,602.34,604.27,617.45,602.51,580.89,533.2,495.77,450.51,539.61,529.51,496.95,558.46,763.06,683.12,224.22,286.73,287.47,,1859.45,1829.51,1778.31,1687.59,1513.46,1450.01,1363.79,1380.23,1409.96,1403.09,1505.55,1558.11,1464.04,1516.21,1457.61,974.31,671.5
"BI","Burundi",153.93,192.07,250.63,214.09,210.01,210.24,224.9,236.69,235.29,280.97,250.54,234.84,231.69,230.07,216.73,134.54,202.63,209.81,68.75,949.83,919.6,888.52,836.67,786.52,779.2,753.46,761.27,771.99,797.43,724.36,687.37,638.87,628.67,613.65,519.12,598.16
"ET","Ethiopia",,,1011.07,910.95,905.31,828.71,747.97,745.63,696.2,621.85,549.99,484.04,452.1,343.02,330.62,122.27,262.11,203.69,109.43,3278.49,3060.91,2844.92,2588.41,2406.79,2242.45,2095.32,2004.75,1857.55,1632.62,1484.63,1252.87,1178.98,1098.12,995.65,473.9,417.03
"KR","South Korea",,33121.37,32394.68,35125.52,31721.3,31902.42,33447.16,31600.74,29280.44,28737.44,29252.93,27179.52,25459.17,25097.6,23079.26,12257.02,6610,1715.42,279.31,,52203.97,51231.45,48419.64,45142.76,43865.04,43044.29,40957.42,39575.45,37907.5,35324.5,34244.31,33557.13,32546.75,31736.63,18538.84,8355.33
"AF","Afghanistan",,413.76,357.26,356.5,510.79,496.6,491.34,525.47,522.08,565.57,625.05,637.09,651.42,606.69,560.62,174.93,,,,,2201.72,2123,2144.17,2561.98,2583.49,2432.28,2335.8,2213.18,2284.08,2224.49,2133.24,1988.43,1744.06,1765.54,813.55,
"YE","Yemen",,,,,,,633.89,811.17,975.36,1362.17,1430.16,1378.75,1245.05,1186.48,1155.2,493.24,910.42,,,,,,,,,,,,,,3164.32,3004.92,3113.38,3603.04,2623.62,1742.48
"VE","Venezuela",,,,,,,,,,,15943.61,12403.15,12901.42,10843.92,13646.3,4776.28,2451.55,3874.41,1015.22,,,,,,,,,,,,,,17349.18,16527.74,11577.13,9497.25
"SY","Syria",,847.37,1051.67,663.61,572.36,1109.54,1098.07,851.5,656.35,847.73,1060.59,985.89,1897.66,2952.14,2730.62,1138.19,978.49,1458.24,335.45,,4650.07,4772.46,4592.84,3737.66,3502.18,3455.89,3265.07,,,,,,,,,
"SS","South Sudan",,,,,,,,,,1080.15,1242.74,1650.19,1109.26,1448.98,1498.27,,,,,,,,,,,,,,1154.89,1372.76,1916.85,1417.39,2718.05,2948.05,,
"CU","Cuba",,,,,9605.26,9232.26,8911.46,8610.61,8110.56,7727.92,7146.71,6828.36,6470.84,6104.46,5272.27,2751.38,2694.32,2030.93,645.14,,,,,,,,,,,,,,,,,
"LB","Lebanon",,3477.73,3654.36,4045.37,5561.19,8905.88,9174.54,8608.21,8089.01,7714.11,7577.64,8162.38,8406.98,7834.96,7625.81,3986.84,789.53,,,,12574.83,12292.84,11599.78,16259.71,21710.46,21985.49,20963.82,18940.59,17045.9,16139.86,16315.61,16121.34,14974.55,14703.62,7937.96,2990.34
"ER","Eritrea",,,,,,,,,,,,,,688.68,539.7,314.36,,,,,,,,,,,,,,,,,1742.32,1599.19,1557.88,
"BT","Bhutan",,3839.41,3711.33,3570.61,3191.67,3576.88,3400.2,3435.29,3152.31,2954.04,2849.5,2679.95,2751.21,2787.98,2435.58,771.92,488.33,296.88,200.35,,16253.96,15063.81,13458.81,12475.05,12909.1,11969.56,11677.41,11273.28,10213.81,9323.39,8666.91,8577.41,7935.47,7245.77,3113.05,1637.87
"CV","Cape Verde",,,,,,,,,,,,,,,,,,,,11261.77,10300.44,9481.07,7685.42,6852.58,8645.76,7916.42,7935.76,7350.75,6773.49,6416.83,6367.28,6318.06,6384.23,6038.59,3124.5,1044.46
"NC","New Caledonia",,,33516.36,35311.55,33270.33,33411.34,34902.9,32354.71,30782.85,30858.72,37816.96,36671.16,35559.57,38835.94,35798.91,15329.73,14334.68,7892.72,3281.71,,,,,,,,,,,,,,,,,
"PF","French Polynesia",,22774.14,20738.65,21982.9,19966.48,21582.59,21925.62,20826.93,19690.08,19166.96,22258.63,21955.63,20846.55,22831.52,22494.81,14978.32,16293.18,8438.73,2228.19,,,,,,,,,,,,,,,,,
"CW","Curacao",,21061.74,20501.75,17980,16356.09,19220.69,19119.12,18938.24,18944.1,19361.81,19623.03,19721.29,19809.82,19426.33,19847.23,15841.26,,,,,30715.57,29554.07,25163.87,21797.02,25397,24623.04,24321.75,23649.59,24037.65,24347.76,24821.8,25105.99,26251.36,25956.81,21891.05,
"GU","Guam",,,41833.15,38074.88,36482.94,39274.94,37195.95,36779.01,35930.66,35165.7,33900.15,32530.76,31653.75,29926.21,29719.8,,,,,,,,,,,,,,,,,,,,,
"AW","Aruba",,33984.79,30559.53,27200.06,22855.93,31096.21,30082.13,28440.05,27441.53,27458.23,26129.84,25813.58,25119.67,25712.38,24093.14,20681.02,12187.54,,,,44967.34,41649.45,35696.31,28976.46,39110.28,39287.02,37524.93,36117.51,35972.87,35657.29,35901.65,34095.65,35324.07,33729.51,30245.71,21732.86
"TO","Tonga",,4863.76,4933.08,4912.58,4700.45,4676.85,4638.9,4365.93,3987.99,4123.9,4136.59,4219.25,4384.17,3849.99,3416.08,1995.08,1139.06,544.75,,,7852.77,7393.8,7034.93,6689.86,6488.6,6402.76,6229.07,5920.16,5471.8,5335.92,5119.7,4996.45,4855.43,4465.46,3833.93,2415.76
"IM","Isle of Man",,,88328.55,94299.97,79513.53,87127.55,89393.82,83481.3,82025.95,84753.52,91885.45,83207.66,79329.2,77808.86,70587.31,21161.4,11049.89,,,,,,,,,,,,,,,,,,,
"VI","United States Virgin Islands",,,44320.91,42571.08,39787.37,38633.53,36663.21,35365.07,35324.97,34007.35,33045.36,34597.98,37795.32,38997.14,39905.13,,,,,,,49793.03,46893.55,41749.08,40021.78,36746.49,33893.55,33470.59,32573.72,32360.9,32333.91,33878.98,39006.08,41607.57,,
"KY","Cayman Islands",,97749.51,92202.15,86438.45,82338.8,88254.29,83865.55,80053.94,77802.25,76379.21,75845.31,75113.73,75101.59,75280.96,76837.67,,,,,,86689.21,81803.1,74150.86,66118.65,72697.37,71811.89,68017.68,65680.07,64009.32,63560.51,63648.25,64726.53,66629.16,66325.46,,
"FO","Faroe Islands",,71774.35,66139.38,68749.4,62240.82,63067.07,62526.49,59387.35,56875.28,52635.04,60172.06,55758.21,50261.96,51618.99,47923.15,23322.76,20125.79,11446.28,2219.38,,78165.18,74316.74,67770.49,61648.51,62222.24,58933.13,56416.23,54318.3,53682.17,53198.41,49780.84,46196.84,42133.22,39766.59,,
"GL","Greenland",,58498.97,55635,58135.99,54812.67,53309.2,54545.14,50765.75,48181.75,44536.35,50485.22,47535.49,45936.96,47186.88,44277.2,19009.08,18326.93,9483.1,1498.28,,78840.6,75720.43,69302.01,64999.44,64264.06,61806.83,60010.1,58908.59,55815.65,56555.07,52893.65,52389.33,50653.06,50190.88,29616.16,20472.46
"AS","American Samoa",,,18017.46,15236.16,14489.26,12886.14,12552.05,11863.68,12843.33,12727.41,12026.33,11813.5,11745.49,10383.46,10375.17,,,,,,,,,,,,,,,,,,,,,
"MP","Northern Mariana Islands",,,23785.75,19455.5,18220.84,24496.67,26509.36,31225.61,24225.47,17665.1,15945.42,14632.85,14013.6,13598.72,14771.4,,,,,,,,,,,,,,,,,,,,,
"LI","Liechtenstein",,207973.6,186821.9,201944.8,164671.1,166907.8,174988.8,170547.1,165375.5,167187.2,178735.2,172823.6,148842,158066.4,141089.8,76087.91,49457.56,20958.74,4262.03,,,,,,,,,,,,,,,,,
"MC","Monaco",,256580.5,226052,223823.4,176891.9,193746.8,188298.3,170663.4,173604.8,170437.1,195693.6,184940.7,165444.7,179364,161853.9,81789.02,81734.87,50813.93,12098.2,,,,,,,,,,,,,,,,,
"SM","San Marino",,,54264.57,54168.98,44426.65,46627.01,47950.69,45192.03,44359.48,43146.82,51260.49,50807.83,47945.9,55601.39,56543.19,37600.71,,,,,,75941.49,64745.13,55206.58,57444.12,54460.91,52463.42,53033.06,52247.21,52909.22,50770.37,51274.22,56239.96,58926.14,53713.45,
"PW","Palau",,15899.42,14392.2,13257.21,14556.59,15841.2,16197.73,16034.13,16762.57,15690.76,13726.02,12768.91,12145.36,11000.88,10229.09,7797.26,6402.93,2422.63,1017.16,,17531.69,16581.02,15663.17,17367.27,18227.27,17879.45,17461.78,17747.61,17685.06,16244.78,15297.62,15410.46,14682.77,13448.93,10191.71,9604.25
"TV","Tuvalu",,6344.78,5911.33,5905.08,4976.11,5115.13,4466.12,4165.66,3808.7,3357.83,3528.86,3510.22,3598.46,3636.08,3024.82,1579.42,1084.67,571.02,456.64,,6151.01,5661.14,5352.98,5122.2,5209.7,4431.73,4226.72,4030.86,3775.76,3418.85,3277.21,3170.4,3175.93,2945.13,2597.25,1675.8